reference_id,pubmed_id,doi,title,authors,journal,year,github_url,open_access,status,confidence
168,41332471,10.1016/j.idm.2025.11.001,Optimal prevention and control strategy of infectious disease: Cost-effectiveness analysis based on a modified dynamic model with economic loss.,"Liu Wenjun, Zou Guohua, Bao Qin, Wang Shouyang",Infectious Disease Modelling,2026,,False,PENDING,"{""has_doi"": true, ""relevance"": 0.307, ""has_github"": false, ""has_abstract"": true}"
25,41367488,10.1016/j.idm.2025.10.006,"A compartmental model of variant coexistence, dynamics and dominance in infectious diseases: Case for SARS-CoV-2 in Abu Dhabi.","Patón Mauricio, Hantouche Mireille, Al-Hosani Farida, Sadani Amrit, Rodríguez Jorge, Abuyadek Rowan",Infectious Disease Modelling,2026,,False,PENDING,"{""has_doi"": true, ""relevance"": 0.613, ""has_github"": false, ""has_abstract"": true}"
2,40097545,10.1038/s41598-025-93994-3,Stability and control analysis of COVID-19 spread in India using SEIR model.,"Ramalingam Ramesh, Gnanaprakasam Arul Joseph, Boulaaras Salah",Scientific reports,2025,,False,PENDING,"{""has_doi"": true, ""relevance"": 0.8, ""has_github"": false, ""has_abstract"": true}"
6,41626397,10.3389/fpubh.2025.1702428,Utility of compartmental models to test the competing hypotheses of pathogen evolution and human intervention.,"Saha Barsha, Bani-Yaghoub Majid, Podder Chandranath",Frontiers in public health,2025,,False,PENDING,"{""has_doi"": true, ""relevance"": 0.74, ""has_github"": false, ""has_abstract"": true}"
188,40503358,10.1016/j.idm.2025.02.005,Estimating the effect of contact tracing during the early stage of an epidemic.,"Wang Manting, Ma Junling, van den Driessche P, Cowen Laura L E",Infectious Disease Modelling,2025,,False,PENDING,"{""has_doi"": true, ""relevance"": 0.3, ""has_github"": false, ""has_abstract"": true}"
130,40302107,10.1093/aje/kwaf035,Comparative evaluation of methodologies for estimating the effectiveness of non-pharmaceutical interventions in the context of COVID-19: a simulation study.,"Ganser Iris, Paireau Juliette, Buckeridge David L, Cauchemez Simon, Thiébaut Rodolphe, Prague Mélanie",American journal of epidemiology,2025,,False,PENDING,"{""has_doi"": true, ""relevance"": 0.373, ""has_github"": false, ""has_abstract"": true}"
66,39885197,10.1038/s41598-025-86739-9,Significance of supervision sampling in control of communicable respiratory disease simulated by a new model during different stages of the disease.,"Hounye Alphonse Houssou, Pan Xiaogao, Zhao Yuqi, Cao Cong, Wang Jiaoju, Venunye Abidi Mimi, Xiong Li, Chai Xiangping et al.",Scientific reports,2025,,False,PENDING,"{""has_doi"": true, ""relevance"": 0.473, ""has_github"": false, ""has_abstract"": true}"
8,41165884,10.1007/s00285-025-02299-6,Mapping Incidence and Prevalence Peak Data for SIR Modeling Applications.,"Murph Alexander C, Gibson G Casey, Beesley Lauren J, Panda Nishant, Castro Lauren A, Del Valle Sara Y, Manore Carrie A, Osthus Dave A",Journal of mathematical biology,2025,,False,PENDING,"{""has_doi"": true, ""relevance"": 0.733, ""has_github"": false, ""has_abstract"": true}"
129,40745789,10.1103/11qy-2gc3,Universal features of epidemic and vaccine models.,"Chowdhury Sourav, Bose Indrani, Roychowdhury Suparna, Chaudhuri Indranath",Physical review. E,2025,,False,PENDING,"{""has_doi"": true, ""relevance"": 0.373, ""has_github"": false, ""has_abstract"": true}"
69,41366273,10.1038/s41598-025-28374-y,Estimation of undetected asymptomatic infections of COVID-19: a mathematical modeling approach.,"Choi Yongin, Kim Pilwon, Lee Chang Hyeong",Scientific reports,2025,,False,PENDING,"{""has_doi"": true, ""relevance"": 0.447, ""has_github"": false, ""has_abstract"": true}"
70,41157837,10.1080/17513758.2025.2568392,Optimal control analysis of a mathematical model of malaria and COVID-19 co-infection dynamics.,"Diabaté Abou Bakari, Sangaré Boureima, Koutou Ousmane",Journal of biological dynamics,2025,,False,PENDING,"{""has_doi"": true, ""relevance"": 0.447, ""has_github"": false, ""has_abstract"": true}"
71,40513075,10.1097/EDE.0000000000001876,Improving the Use of Social Contact Studies in Epidemic Modeling.,"Britton Tom, Ball Frank","Epidemiology (Cambridge, Mass.)",2025,,False,PENDING,"{""has_doi"": true, ""relevance"": 0.447, ""has_github"": false, ""has_abstract"": true}"
72,40083287,10.3934/mbe.2025026,Determining the best mathematical model for implementation of non-pharmaceutical interventions.,"McCarthy Gabriel, Dobrovolny Hana M",Mathematical biosciences and engineering : MBE,2025,,False,PENDING,"{""has_doi"": true, ""relevance"": 0.447, ""has_github"": false, ""has_abstract"": true}"
172,40294079,10.1371/journal.pone.0318426,Transmission matrix parameter estimation of COVID-19 evolution with age compartments using ensemble-based data assimilation.,"Rosa Santiago, Pulido Manuel A, Ruiz Juan J, Cocucci Tadeo J",PloS one,2025,,False,PENDING,"{""has_doi"": true, ""relevance"": 0.307, ""has_github"": false, ""has_abstract"": true}"
116,39904959,10.1007/s11538-025-01416-2,Differentiating Contact with Symptomatic and Asymptomatic Infectious Individuals in a SEIR Epidemic Model.,"Chebotaeva Victoria, Srinivasan Anish, Vasquez Paula A",Bulletin of mathematical biology,2025,,False,PENDING,"{""has_doi"": true, ""relevance"": 0.38, ""has_github"": false, ""has_abstract"": true}"
115,40063112,10.1007/s00285-025-02201-4,Global dynamics of a fractional order SIRS epidemic model by the way of generalized continuous time random walk.,"Wu Zhaohua, Cai Yongli, Wang Zhiming, He Daihai, Wang Weiming",Journal of mathematical biology,2025,,False,PENDING,"{""has_doi"": true, ""relevance"": 0.38, ""has_github"": false, ""has_abstract"": true}"
114,40541769,10.1016/j.ijid.2025.107963,Estimation of the number of people affected by post COVID-19 condition in Switzerland in 2023: a mathematical model.,"Estill Janne, Belayneh Emneteab G, Beale Sarah, Keiser Olivia",International journal of infectious diseases : IJID : official publication of the International Society for Infectious Diseases,2025,,False,PENDING,"{""has_doi"": true, ""relevance"": 0.38, ""has_github"": false, ""has_abstract"": true}"
110,40285197,10.3390/s25082507,Kalman Filter-Based Epidemiological Model for Post-COVID-19 Era Surveillance and Prediction.,"Shi Yuanyou, Zhu Xinhang, Zhu Xinhe, Cheng Baiqi, Zhong Yongmin","Sensors (Basel, Switzerland)",2025,,False,PENDING,"{""has_doi"": true, ""relevance"": 0.4, ""has_github"": false, ""has_abstract"": true}"
102,39755365,10.1016/j.mbs.2024.109373,Fractional modelling of COVID-19 transmission incorporating asymptomatic and super-spreader individuals.,"Khalighi Moein, Lahti Leo, Ndaïrou Faïçal, Rashkov Peter, Torres Delfim F M",Mathematical biosciences,2025,,False,PENDING,"{""has_doi"": true, ""relevance"": 0.407, ""has_github"": false, ""has_abstract"": true}"
98,40510847,10.1016/j.nmni.2025.101600,Web-based real-time risk assessment of coronavirus disease 2019 infection in schools and social dining settings.,"Okada Yuta, Ueda Minami, Nishiura Hiroshi",New microbes and new infections,2025,,False,PENDING,"{""has_doi"": true, ""relevance"": 0.413, ""has_github"": false, ""has_abstract"": true}"
81,40056846,10.1016/j.cmpb.2025.108688,Pattern formation of network epidemic model and its application in oral medicine.,"Zhu Linhe, Li Yue, He Le, Shen Shuling",Computer methods and programs in biomedicine,2025,,False,PENDING,"{""has_doi"": true, ""relevance"": 0.44, ""has_github"": false, ""has_abstract"": true}"
26,40853999,10.1371/journal.pcbi.1013207,Evaluating COVID-19 vaccination policy in Québec (Canada) using a data-driven dynamic transmission model.,"Torres-Florez Samuel, Anato Jorge Luis Flores, He Jiahuan Helen, Garrido Portilla Vicente, Wu Yichen, Maheu-Giroux Mathieu, Racine Étienne, Wagner Caroline E",PLoS computational biology,2025,,False,PENDING,"{""has_doi"": true, ""relevance"": 0.613, ""has_github"": false, ""has_abstract"": true}"
187,40535936,10.1098/rsos.241964,Unifying human infectious disease models and real-time awareness of population- and subpopulation-level intervention effectiveness.,"Seibel Rachel L, Tildesley Michael J, Hill Edward M",Royal Society open science,2025,,False,PENDING,"{""has_doi"": true, ""relevance"": 0.3, ""has_github"": false, ""has_abstract"": true}"
175,39876937,,Physics-informed deep learning for infectious disease forecasting.,"Qian Ying, Zhang Kui, Marty Éric, Basu Avranil, O'Dea Eamon B, Wang Xianqiao, Fox Spencer, Rohani Pejman et al.",ArXiv,2025,,False,PENDING,"{""has_doi"": false, ""relevance"": 0.307, ""has_github"": false, ""has_abstract"": true}"
97,40743263,10.1371/journal.pone.0328770,Detecting outbreaks using a spatial latent field.,"Safta Cosmin, Ray Jaideep, Bridgman Wyatt",PloS one,2025,,False,PENDING,"{""has_doi"": true, ""relevance"": 0.42, ""has_github"": false, ""has_abstract"": true}"
95,40695109,10.1016/j.epidem.2025.100845,Improving policy-oriented agent-based modeling with history matching: A case study.,"O'Gara David, Kerr Cliff C, Klein Daniel J, Binois Mickaël, Garnett Roman, Hammond Ross A",Epidemics,2025,,False,PENDING,"{""has_doi"": true, ""relevance"": 0.427, ""has_github"": false, ""has_abstract"": true}"
94,41327944,10.3934/mbe.2025110,Working Set: adapted model to the epidemiological context.,"Murzakhmetov Aslanbek, Borankulova Gaukhar, Tungatarova Aigul, Dulatbayeva Saltanat, Zhoranova Nurgul, Taszhurekova Zhazira",Mathematical biosciences and engineering : MBE,2025,,False,PENDING,"{""has_doi"": true, ""relevance"": 0.427, ""has_github"": false, ""has_abstract"": true}"
171,40405112,10.1186/s12889-025-23059-7,A novel framework for inferring dynamic infectious disease transmission with graph attention: a COVID-19 case study in Korea.,"Lee Minji, Choi Heejin, Lee Chang Hyeong",BMC public health,2025,,False,PENDING,"{""has_doi"": true, ""relevance"": 0.307, ""has_github"": false, ""has_abstract"": true}"
30,40358385,10.1063/5.0264087,Parameter estimation of stochastic SEIR epidemic model using particle MCMC.,"Zhou Chang, Li Zhiming","Chaos (Woodbury, N.Y.)",2025,,False,PENDING,"{""has_doi"": true, ""relevance"": 0.573, ""has_github"": false, ""has_abstract"": true}"
31,39898536,10.1097/EDE.0000000000001846,Evaluating the Effect of Public Health and Social Measures Under Rapid Changes in Population-level Immunity Against SARS-CoV-2: A Mathematical Modeling Study.,"Jung Sung-Mok, Jung Jaehun, Lessler Justin","Epidemiology (Cambridge, Mass.)",2025,,False,PENDING,"{""has_doi"": true, ""relevance"": 0.573, ""has_github"": false, ""has_abstract"": true}"
174,40158773,10.1016/j.mbs.2025.109432,Testing-isolation interventions will likely be insufficient to contain future novel disease outbreaks.,"Demers Jeffery, Fagan William F, Potluri Sriya, Calabrese Justin M",Mathematical biosciences,2025,,False,PENDING,"{""has_doi"": true, ""relevance"": 0.307, ""has_github"": false, ""has_abstract"": true}"
170,40810181,10.1093/imammb/dqaf007,Stability Analysis and Quantification of Effects of Partial and Full Vaccination Using Fractional Order SVIR model.,"Srivastava Abhay, Nilam",Mathematical medicine and biology : a journal of the IMA,2025,,False,PENDING,"{""has_doi"": true, ""relevance"": 0.307, ""has_github"": false, ""has_abstract"": true}"
34,40745719,10.1103/fwx4-m2wg,Semianalytical solution of SEIR-like models of epidemic spreading.,"Pacheco Ian Sa, Carvalho Junior Carlos A M, Stariolo Daniel A",Physical review. E,2025,,False,PENDING,"{""has_doi"": true, ""relevance"": 0.567, ""has_github"": false, ""has_abstract"": true}"
35,40338990,10.1371/journal.pcbi.1013028,"Smart epidemic control: A hybrid model blending ODEs and agent-based simulations for optimal, real-world intervention planning.","Polcz Péter, Reguly István Z, Tornai Kálmán, Juhász János, Pongor Sándor, Csikász-Nagy Attila, Szederkényi Gábor",PLoS computational biology,2025,,False,PENDING,"{""has_doi"": true, ""relevance"": 0.567, ""has_github"": false, ""has_abstract"": true}"
36,40084185,10.1016/j.idm.2025.02.008,A graph-theoretic framework for integrating mobility data into mathematical epidemic models.,Romanescu Razvan G,Infectious Disease Modelling,2025,,False,PENDING,"{""has_doi"": true, ""relevance"": 0.567, ""has_github"": false, ""has_abstract"": true}"
12,40858211,10.1016/j.jtbi.2025.112248,Stochastic modelling of early-stage COVID-19 epidemic dynamics in rural communities in the United States.,"Alahakoon Punya, Taylor Peter G, McCaw James M",Journal of theoretical biology,2025,,False,PENDING,"{""has_doi"": true, ""relevance"": 0.7, ""has_github"": false, ""has_abstract"": true}"
173,40233303,10.1371/journal.pcbi.1012960,Estimating Re and overdispersion in secondary cases from the size of identical sequence clusters of SARS-CoV-2.,"Hodcroft Emma B, Wohlfender Martin S, Neher Richard A, Riou Julien, Althaus Christian L",PLoS computational biology,2025,,False,PENDING,"{""has_doi"": true, ""relevance"": 0.307, ""has_github"": false, ""has_abstract"": true}"
189,39751694,10.1007/s11538-024-01387-w,A Theoretical Analysis of Mass Testing Strategies to Control Epidemics.,"Sabbatino Michela, De Reggi Simone, Pugliese Andrea",Bulletin of mathematical biology,2025,,False,PENDING,"{""has_doi"": true, ""relevance"": 0.3, ""has_github"": false, ""has_abstract"": true}"
15,39925973,10.1016/j.idm.2024.12.014,HCV transmission model with protection awareness in an SEACTR community.,"Wang Liangwei, Wei Fengying, Jin Zhen, Mao Xuerong, Cai Shaojian, Chen Guangmin, Zheng Kuicheng, Xie Jianfeng",Infectious Disease Modelling,2025,,False,PENDING,"{""has_doi"": true, ""relevance"": 0.673, ""has_github"": false, ""has_abstract"": true}"
41,41258492,10.1038/s41598-025-24606-3,On the dynamics of a COVID-19 model with vaccination and social processes.,"Juga M, Nyabadza F",Scientific reports,2025,,False,PENDING,"{""has_doi"": true, ""relevance"": 0.54, ""has_github"": false, ""has_abstract"": true}"
169,41290140,10.1098/rsif.2025.0379,Physics-informed deep learning for infectious disease forecasting.,"Qian Ying, Zhang Kui, Marty Eric, Basu Avranil, O'Dea Eamon B, Wang Xianqiao, Fox Spencer J, Rohani Pejman et al.","Journal of the Royal Society, Interface",2025,,False,PENDING,"{""has_doi"": true, ""relevance"": 0.307, ""has_github"": false, ""has_abstract"": true}"
167,41353834,10.1016/j.epidem.2025.100873,Integrating macroeconomic and public health impacts in social planning policies for pandemic response.,"Cornfeld Ofer, Niu Kaicheng, Neeman Oded, Roswell Michael, Steinbach Gabi, Beckett Stephen J, Wardi Yorai, Weitz Joshua S et al.",Epidemics,2025,,False,PENDING,"{""has_doi"": true, ""relevance"": 0.307, ""has_github"": false, ""has_abstract"": true}"
163,38896534,10.1080/10255842.2024.2364817,Evaluating the impact of double dose vaccination on SARS-CoV-2 spread through optimal control analysis.,"Zarin Rahat, Khan Yousaf, Ahmad Maryam, Khan Amir, Humphries Usa Wannasingha",Computer methods in biomechanics and biomedical engineering,2025,,False,PENDING,"{""has_doi"": true, ""relevance"": 0.313, ""has_github"": false, ""has_abstract"": true}"
159,39951485,10.1371/journal.pcbi.1012778,Using a multi-strain infectious disease model with physical information neural networks to study the time dependence of SARS-CoV-2 variants of concern.,"Li Wenxuan, Chen Xu, Liu Suli, Zhang Chiyu, Liu Guyue",PLoS computational biology,2025,,False,PENDING,"{""has_doi"": true, ""relevance"": 0.313, ""has_github"": false, ""has_abstract"": true}"
150,40850185,10.1016/j.epidem.2025.100847,Sequential Monte Carlo Squared for online inference in stochastic epidemic models.,"Temfack Dhorasso, Wyse Jason",Epidemics,2025,,False,PENDING,"{""has_doi"": true, ""relevance"": 0.32, ""has_github"": false, ""has_abstract"": true}"
149,39928636,10.1371/journal.pone.0310611,Modelling the impact of behavioural interventions during pandemics: A systematic review.,"Gebretekle Tsega Kahsay, Albers Casper",PloS one,2025,,False,PENDING,"{""has_doi"": true, ""relevance"": 0.33, ""has_github"": false, ""has_abstract"": true}"
48,41537861,10.1098/rsif.2025.0664,Eigenvector-based sensitivity analysis of contact patterns in epidemic modelling.,"Korir Evans Kiptoo, Vizi Zsolt","Journal of the Royal Society, Interface",2025,,False,PENDING,"{""has_doi"": true, ""relevance"": 0.507, ""has_github"": false, ""has_abstract"": true}"
49,40730268,10.1016/j.jtbi.2025.112229,Time-delay enhanced SIR model for COVID-19 waves in Mexico: Parameter estimation using evolutionary algorithms.,"Flores-Pérez Anahí, González-Olvera Marcos A, Chávez-Peña Gustavo, Gallardo-Hernández Ana G, Torres Lizeth",Journal of theoretical biology,2025,,False,PENDING,"{""has_doi"": true, ""relevance"": 0.507, ""has_github"": false, ""has_abstract"": true}"
50,40146294,10.1063/5.0251992,"Bifurcation and chaotic dynamics in a spatiotemporal epidemic model with delayed optimal control, stochastic process, and sensitivity analysis.","Kumar Arjun, Dubey Uma S, Dubey Balram","Chaos (Woodbury, N.Y.)",2025,,False,PENDING,"{""has_doi"": true, ""relevance"": 0.507, ""has_github"": false, ""has_abstract"": true}"
4,40752024,10.1615/CritRevBiomedEng.2024056294,A Mathematical Model Evaluating the Impact of Asymptomatic COVID-19 Cases and Reinfection.,"Devi Arpita, Adak Asish, Gupta Praveen Kumar",Critical reviews in biomedical engineering,2025,,False,PENDING,"{""has_doi"": true, ""relevance"": 0.793, ""has_github"": false, ""has_abstract"": true}"
17,39469221,10.1016/j.idm.2024.10.001,Dynamics of an SVEIR transmission model with protection awareness and two strains.,"Chen Kaijing, Wei Fengying, Zhang Xinyan, Jin Hao, Zhou Ruiyang, Zuo Yue, Fan Kai",Infectious Disease Modelling,2025,,False,PENDING,"{""has_doi"": true, ""relevance"": 0.667, ""has_github"": false, ""has_abstract"": true}"
18,41387000,10.1136/bmjopen-2025-104621,Studying COVID-19 transmission in US state prisons using an agent-based modelling approach: a simulation study.,"Owens Allison Lydia, Fliss Mike, Brinkley-Rubinstein Lauren",BMJ open,2025,,False,PENDING,"{""has_doi"": true, ""relevance"": 0.64, ""has_github"": false, ""has_abstract"": true}"
145,40948424,10.1097/QAD.0000000000004344,Evaluating the impact of COVID-19 on the HIV epidemic among MSM in Australia.,"Weng Rongxing, Kwon Jisoo A, Hammoud Mo, Clifton Brent, Scott Nick, McGregor Skye, Gray Richard T","AIDS (London, England)",2025,,False,PENDING,"{""has_doi"": true, ""relevance"": 0.347, ""has_github"": false, ""has_abstract"": true}"
144,39545378,10.1177/0272989X241292012,A Sequential Calibration Approach to Address Challenges of Repeated Calibration of a COVID-19 Model.,"Enns Eva A, Li Zongbo, McKearnan Shannon B, Kao Szu-Yu Zoe, Sanstead Erinn C, Simon Alisha Baines, Mink Pamela J, Gildemeister Stefan et al.",Medical decision making : an international journal of the Society for Medical Decision Making,2025,,False,PENDING,"{""has_doi"": true, ""relevance"": 0.353, ""has_github"": false, ""has_abstract"": true}"
138,40727674,10.1016/j.idm.2025.07.001,A spatiotemporal transmission simulator for respiratory infectious diseases and its application to COVID-19.,"Shi Tao, Huan Jiaxuan, Zhang Zuo, Fang Liqun, Zhang Yong",Infectious Disease Modelling,2025,,False,PENDING,"{""has_doi"": true, ""relevance"": 0.367, ""has_github"": false, ""has_abstract"": true}"
137,41341626,10.1093/pnasnexus/pgaf371,Understanding pandemics through molecular gas dynamics.,"Guan Yao-Yu, Wang Zhi-Hui",PNAS nexus,2025,,False,PENDING,"{""has_doi"": true, ""relevance"": 0.367, ""has_github"": false, ""has_abstract"": true}"
19,39881567,10.1080/17513758.2025.2458890,Modelling and analysis of an epidemic model with awareness caused by deaths due to fear.,"Xue Ling, Huo Junqi, Zhang Yuxin",Journal of biological dynamics,2025,,False,PENDING,"{""has_doi"": true, ""relevance"": 0.633, ""has_github"": false, ""has_abstract"": true}"
131,39983319,10.1016/j.vaccine.2025.126870,A counterfactual analysis quantifying the COVID-19 vaccination impact in Sweden.,"Bergström Fanny, Günther Felix, Britton Tom",Vaccine,2025,,False,PENDING,"{""has_doi"": true, ""relevance"": 0.373, ""has_github"": false, ""has_abstract"": true}"
132,39774616,10.1038/s41598-024-80390-6,The role of a vaccine booster for a fractional order model of the dynamic of COVID-19: a case study in Thailand.,"Pongsumpun Puntipa, Pongsumpun Puntani, Tang I-Ming, Lamwong Jiraporn",Scientific reports,2025,,False,PENDING,"{""has_doi"": true, ""relevance"": 0.373, ""has_github"": false, ""has_abstract"": true}"
61,39934365,10.1007/s10441-025-09492-6,Mathematical Assessment of Wastewater-Based Epidemiology to Predict SARS-CoV-2 Cases and Hospitalizations in Miami-Dade County.,"Pant Binod, Safdar Salman, Ngonghala Calistus N, Gumel Abba B",Acta biotheoretica,2025,,False,PENDING,"{""has_doi"": true, ""relevance"": 0.48, ""has_github"": false, ""has_abstract"": true}"
119,39059710,10.1016/j.mbs.2024.109249,Assessment of bidirectional impact of stigmatization induced self-medication on COVID-19 and malaria transmissions using mathematical modeling: Nigeria as a case study.,"Avusuglo Wisdom S, Han Qing, Woldegerima Woldegebriel Assefa, Asgary Ali, Wu Jianhong, Orbinski James, Bragazzi Nicola, Ahmadi Ali et al.",Mathematical biosciences,2024,,False,PENDING,"{""has_doi"": true, ""relevance"": 0.38, ""has_github"": false, ""has_abstract"": true}"
5,38954691,10.1371/journal.pone.0303791,A mathematical model of COVID-19 with multiple variants of the virus under optimal control in Ghana.,"Kim Young Rock, Min Youngho, Okogun-Odompley Joy Nana",PloS one,2024,,False,PENDING,"{""has_doi"": true, ""relevance"": 0.76, ""has_github"": false, ""has_abstract"": true}"
14,38177230,10.1038/s41598-023-50799-6,Cost-effectiveness analysis of COVID-19 intervention policies using a mathematical model: an optimal control approach.,"Kuddus Md Abdul, Paul Anip Kumar, Theparod Thitiya",Scientific reports,2024,,False,PENDING,"{""has_doi"": true, ""relevance"": 0.68, ""has_github"": false, ""has_abstract"": true}"
16,39559983,10.1177/09622802241277956,A tight fit of the SIR dynamic epidemic model to daily cases of COVID-19 reported during the 2021-2022 Omicron surge in New York City: A novel approach.,Harris Jeffrey E,Statistical methods in medical research,2024,,False,PENDING,"{""has_doi"": true, ""relevance"": 0.673, ""has_github"": false, ""has_abstract"": true}"
20,39466772,10.1371/journal.pone.0307707,A conformable fractional finite difference method for modified mathematical modeling of SAR-CoV-2 (COVID-19) disease.,"Zanib Syeda Alishwa, Zubair Tamour, Ramzan Sehrish, Riaz Muhammad Bilal, Asjad Muhammad Imran, Muhammad Taseer",PloS one,2024,,False,PENDING,"{""has_doi"": true, ""relevance"": 0.633, ""has_github"": false, ""has_abstract"": true}"
21,38885221,10.1371/journal.pone.0305522,Estimating time-varying epidemiological parameters and underreporting of Covid-19 cases in Brazil using a mathematical model with fuzzy transitions between epidemic periods.,"Lima Hélder Seixas, Tupinambás Unaí, Guimarães Frederico Gadelha",PloS one,2024,,False,PENDING,"{""has_doi"": true, ""relevance"": 0.633, ""has_github"": false, ""has_abstract"": true}"
22,38454115,10.1038/s41598-024-56399-2,A mathematical model for the transmission of co-infection with COVID-19 and kidney disease.,"Hye Md Abdul, Biswas Md Haider Ali, Uddin Mohammed Forhad, Rahman Md M",Scientific reports,2024,,False,PENDING,"{""has_doi"": true, ""relevance"": 0.627, ""has_github"": false, ""has_abstract"": true}"
23,38092247,10.1016/j.jbi.2023.104571,A data-driven epidemic model with human mobility and vaccination protection for COVID-19 prediction.,"Li Ruqi, Song Yurong, Qu Hongbo, Li Min, Jiang Guo-Ping",Journal of biomedical informatics,2024,,False,PENDING,"{""has_doi"": true, ""relevance"": 0.627, ""has_github"": false, ""has_abstract"": true}"
27,38371875,10.1016/j.idm.2024.01.010,Mathematical modeling of contact tracing and stability analysis to inform its impact on disease outbreaks; an application to COVID-19.,"Ladib Mohamed, Ouhinou Aziz, Yakubu Abdul-Aziz",Infectious Disease Modelling,2024,,False,PENDING,"{""has_doi"": true, ""relevance"": 0.613, ""has_github"": false, ""has_abstract"": true}"
28,38323703,10.1093/infdis/jiae033,"Characteristics of the Sexual Networks of Men Who Have Sex With Men in Montréal, Toronto, and Vancouver: Insights from Canada's 2022 Mpox Outbreak.","Xiu Fanyu, Flores Anato Jorge Luis, Cox Joseph, Grace Daniel, Hart Trevor A, Skakoon-Sparling Shayna, Dvorakova Milada, Knight Jesse et al.",The Journal of infectious diseases,2024,,False,PENDING,"{""has_doi"": true, ""relevance"": 0.6, ""has_github"": false, ""has_abstract"": true}"
32,38608314,10.1063/5.0187872,Delay induced stability switch in a mathematical model of CD8 T-cell response to SARS-CoV-2 mediated by receptor ACE2.,"Lv Jinlong, Ma Wanbiao","Chaos (Woodbury, N.Y.)",2024,,False,PENDING,"{""has_doi"": true, ""relevance"": 0.573, ""has_github"": false, ""has_abstract"": true}"
37,38872563,10.3934/mbe.2024260,Threshold dynamics of a switching diffusion SIR model with logistic growth and healthcare resources.,"Wu Shuying, Yuan Sanling",Mathematical biosciences and engineering : MBE,2024,,False,PENDING,"{""has_doi"": true, ""relevance"": 0.567, ""has_github"": false, ""has_abstract"": true}"
38,38838933,10.1016/j.mbs.2024.109226,Modeling correlated uncertainties in stochastic compartmental models.,"Mamis Konstantinos, Farazmand Mohammad",Mathematical biosciences,2024,,False,PENDING,"{""has_doi"": true, ""relevance"": 0.567, ""has_github"": false, ""has_abstract"": true}"
39,38431581,10.1186/s12889-024-18157-x,Modeling COVID-19 spread using multi-agent simulation with small-world network approach.,"Fan Qin, Li Qun, Chen Youliang, Tang Jianbo",BMC public health,2024,,False,PENDING,"{""has_doi"": true, ""relevance"": 0.567, ""has_github"": false, ""has_abstract"": true}"
40,39285231,10.1038/s41598-024-71009-x,Sensitivity analysis and global stability of epidemic between Thais and tourists for Covid -19.,"Sungchasit Rattiya, Tang I-Ming, Pongsumpun Puntani",Scientific reports,2024,,False,PENDING,"{""has_doi"": true, ""relevance"": 0.56, ""has_github"": false, ""has_abstract"": true}"
51,39329648,10.3390/bioengineering11090906,A Deep Learning-Enhanced Compartmental Model and Its Application in Modeling Omicron in China.,"Deng Qi, Wang Guifang","Bioengineering (Basel, Switzerland)",2024,,False,PENDING,"{""has_doi"": true, ""relevance"": 0.507, ""has_github"": false, ""has_abstract"": true}"
52,39202123,10.3390/e26080654,A Networked Meta-Population Epidemic Model with Population Flow and Its Application to the Prediction of the COVID-19 Pandemic.,"Xue Dong, Liu Naichao, Chen Xinyi, Liu Fangzhou","Entropy (Basel, Switzerland)",2024,,False,PENDING,"{""has_doi"": true, ""relevance"": 0.507, ""has_github"": false, ""has_abstract"": true}"
53,38861897,10.1016/j.compbiomed.2024.108682,Optimal control of a fractional order SEIQR epidemic model with non-monotonic incidence and quarantine class.,"Srivastava Abhay, Nilam",Computers in biology and medicine,2024,,False,PENDING,"{""has_doi"": true, ""relevance"": 0.507, ""has_github"": false, ""has_abstract"": true}"
58,39681927,10.1186/s44263-024-00069-y,"Modelling COVID-19 transmission dynamics in Laos under non-pharmaceutical interventions, vaccination, and replacement of SARS-CoV-2 variants.","Zhang Xu-Sheng, Luo Hong, Charlett Andre, DeAngelis Daniela, Liu Wei, Vickerman Peter, Woolhouse Mark, Wu Linxiong",BMC global and public health,2024,,False,PENDING,"{""has_doi"": true, ""relevance"": 0.5, ""has_github"": false, ""has_abstract"": true}"
62,38971085,10.1016/j.epidem.2024.100782,Leveraging advances in data-driven deep learning methods for hybrid epidemic modeling.,"Chen Shi, Janies Daniel, Paul Rajib, Thill Jean-Claude",Epidemics,2024,,False,PENDING,"{""has_doi"": true, ""relevance"": 0.48, ""has_github"": false, ""has_abstract"": true}"
63,38478751,10.1097/HEP.0000000000000779,Feasibility of hepatitis C elimination by screening and treatment alone in high-income countries.,"Tian Feng, Forouzannia Farinaz, Feng Zeny, Biondi Mia J, Mendlowitz Andrew B, Feld Jordan J, Sander Beate, Wong William W L","Hepatology (Baltimore, Md.)",2024,,False,PENDING,"{""has_doi"": true, ""relevance"": 0.48, ""has_github"": false, ""has_abstract"": true}"
64,38316837,10.1038/s41598-023-50889-5,Designing a novel fractional order mathematical model for COVID-19 incorporating lockdown measures.,"Adel Waleed, Günerhan Hatıra, Nisar Kottakkaran Sooppy, Agarwal Praveen, El-Mesady A",Scientific reports,2024,,False,PENDING,"{""has_doi"": true, ""relevance"": 0.48, ""has_github"": false, ""has_abstract"": true}"
67,38678207,10.1186/s12874-024-02209-2,Stability analysis and numerical evaluations of a COVID-19 model with vaccination.,"Izadi Mohammad, Waezizadeh Tayebeh",BMC medical research methodology,2024,,False,PENDING,"{""has_doi"": true, ""relevance"": 0.467, ""has_github"": false, ""has_abstract"": true}"
73,38409877,10.1002/sim.10050,Detecting changes in the transmission rate of a stochastic epidemic model.,"Huang Jenny, Morsomme Raphaël, Dunson David, Xu Jason",Statistics in medicine,2024,,False,PENDING,"{""has_doi"": true, ""relevance"": 0.447, ""has_github"": false, ""has_abstract"": true}"
79,37018044,10.1080/10255842.2023.2197542,On a two-strain epidemic mathematical model with vaccination.,"Yaagoub Zakaria, Danane Jaouad, Allali Karam",Computer methods in biomechanics and biomedical engineering,2024,,False,PENDING,"{""has_doi"": true, ""relevance"": 0.447, ""has_github"": false, ""has_abstract"": true}"
82,39391520,10.1016/j.heliyon.2024.e38204,A vaccination-based COVID-19 model: Analysis and prediction using Hamiltonian Monte Carlo.,"Jdid Touria, Benbrahim Mohammed, Kabbaj Mohammed Nabil, Naji Mohamed",Heliyon,2024,,False,PENDING,"{""has_doi"": true, ""relevance"": 0.44, ""has_github"": false, ""has_abstract"": true}"
83,38991457,10.1016/j.epidem.2024.100781,COVID-19 in Scottish care homes: A metapopulation model of spread among residents and staff.,"Baister Matthew, McTaggart Ewan, McMenemy Paul, Megiddo Itamar, Kleczkowski Adam",Epidemics,2024,,False,PENDING,"{""has_doi"": true, ""relevance"": 0.44, ""has_github"": false, ""has_abstract"": true}"
84,38384567,10.1016/j.heliyon.2024.e25945,The impact of triple doses vaccination and other interventions for controlling the outbreak of COVID-19 cases and mortality in Australia: A modelling study.,"Rahman Azizur, Kuddus Md Abdul, Paul Anip Kumar, Hasan Md Zobaer",Heliyon,2024,,False,PENDING,"{""has_doi"": true, ""relevance"": 0.44, ""has_github"": false, ""has_abstract"": true}"
96,39097207,10.1016/j.gene.2024.148795,Modelling on COVID-19 control with double and booster-dose vaccination.,"Kalra Preety, Ali Shoket, Ocen Samuel",Gene,2024,,False,PENDING,"{""has_doi"": true, ""relevance"": 0.427, ""has_github"": false, ""has_abstract"": true}"
117,39770604,10.3390/microorganisms12122401,An Easy-to-Use Tool to Predict SARS-CoV-2 Risk of Infection in Closed Settings: Validation with the Use of an Individual-Based Monte Carlo Simulation.,"Santoro Benedetta, Larese Filon Francesca, Milotti Edoardo",Microorganisms,2024,,False,PENDING,"{""has_doi"": true, ""relevance"": 0.38, ""has_github"": false, ""has_abstract"": true}"
118,39155487,10.1093/imammb/dqae008,"Beyond SIRD models: a novel dynamic model for epidemics, relating infected with entries to health care units and application for identification and restraining policy.",Tsiliyannis Christos,Mathematical medicine and biology : a journal of the IMA,2024,,False,PENDING,"{""has_doi"": true, ""relevance"": 0.38, ""has_github"": false, ""has_abstract"": true}"
1,38968178,10.1371/journal.pone.0306554,Studying the impacts of variant evolution for a generalized age-group transmission model.,"Wei Fengying, Zhou Ruiyang, Jin Zhen, Sun Yamin, Peng Zhihang, Cai Shaojian, Chen Guangmin, Zheng Kuicheng",PloS one,2024,,False,PENDING,"{""has_doi"": true, ""relevance"": 0.86, ""has_github"": false, ""has_abstract"": true}"
120,38881537,10.1016/j.idm.2024.05.004,Parameter identifiability of a within-host SARS-CoV-2 epidemic model.,"Yang Junyuan, Wu Sijin, Li Xuezhi, Wang Xiaoyan, Zhang Xue-Song, Hou Lu",Infectious Disease Modelling,2024,,False,PENDING,"{""has_doi"": true, ""relevance"": 0.38, ""has_github"": false, ""has_abstract"": true}"
121,38614211,10.1016/j.jtbi.2024.111815,SIRS epidemics with individual heterogeneity of immunity waning.,"El Khalifi Mohamed, Britton Tom",Journal of theoretical biology,2024,,False,PENDING,"{""has_doi"": true, ""relevance"": 0.38, ""has_github"": false, ""has_abstract"": true}"
122,38589475,10.1038/s41598-024-58192-7,Fractional epidemic model of coronavirus disease with vaccination and crowding effects.,"Saleem Suhail, Rafiq Muhammad, Ahmed Nauman, Arif Muhammad Shoaib, Raza Ali, Iqbal Zafar, Niazai Shafiullah, Khan Ilyas",Scientific reports,2024,,False,PENDING,"{""has_doi"": true, ""relevance"": 0.38, ""has_github"": false, ""has_abstract"": true}"
123,40855864,10.3390/math12050710,Existence of Traveling Waves of a Diffusive Susceptible-Infected-Symptomatic-Recovered Epidemic Model with Temporal Delay.,"Miranda Julio C, Arenas Abraham J, González-Parra Gilberto, Villada Luis Miguel","Mathematics (Basel, Switzerland)",2024,,False,PENDING,"{""has_doi"": true, ""relevance"": 0.38, ""has_github"": false, ""has_abstract"": true}"
124,38204927,10.1016/j.ijregi.2023.11.011,Comparative reconstruction of SARS-CoV-2 transmission in three African countries using a mathematical model integrating immunity data.,"Naffeti Bechir, BenAribi Walid, Kebir Amira, Diarra Maryam, Schoenhals Matthieu, Vigan-Womas Inès, Dellagi Koussay, BenMiled Slimane",IJID regions,2024,,False,PENDING,"{""has_doi"": true, ""relevance"": 0.38, ""has_github"": false, ""has_abstract"": true}"
133,39178243,10.1371/journal.pone.0307092,Prediction of daily new COVID-19 cases - Difficulties and possible solutions.,"Liu Xiaoping, DeVries A Courtney",PloS one,2024,,False,PENDING,"{""has_doi"": true, ""relevance"": 0.373, ""has_github"": false, ""has_abstract"": true}"
134,38628353,10.1016/j.idm.2024.03.006,"Estimating the effective reproduction number of COVID-19 from population-wide wastewater data: An application in Kagawa, Japan.","Okada Yuta, Nishiura Hiroshi",Infectious Disease Modelling,2024,,False,PENDING,"{""has_doi"": true, ""relevance"": 0.373, ""has_github"": false, ""has_abstract"": true}"
139,39483094,10.3934/mbe.2024298,Potential for eliminating COVID-19 in Thailand through third-dose vaccination: A modeling approach.,"Kreabkhontho Pannathon, Teparos Watchara, Theparod Thitiya",Mathematical biosciences and engineering : MBE,2024,,False,PENDING,"{""has_doi"": true, ""relevance"": 0.367, ""has_github"": false, ""has_abstract"": true}"
143,39553664,10.1016/j.heliyon.2024.e39330,Analyzing the dynamics of COVID-19 transmission in select regions of the Philippines: A modeling approach to assess the impact of various tiers of community quarantines.,"Mata May Anne E, Escosio Rey Audie S, Rosero El Veena Grace A, Viernes Jhunas Paul T, Anonuevo Loreniel E, Hernandez Bryan S, Addawe Joel M, Addawe Rizavel C et al.",Heliyon,2024,,False,PENDING,"{""has_doi"": true, ""relevance"": 0.353, ""has_github"": false, ""has_abstract"": true}"
146,39807048,10.3934/mbe.2024337,Balancing mitigation strategies for viral outbreaks.,"Karami Hamed, Sanaei Pejman, Smirnova Alexandra",Mathematical biosciences and engineering : MBE,2024,,False,PENDING,"{""has_doi"": true, ""relevance"": 0.347, ""has_github"": false, ""has_abstract"": true}"
147,38251209,10.3390/tropicalmed9010012,"The Predicted Potential Impact of COVID-19 Pandemic on Tuberculosis Epidemic in Tamil Nadu, South India.","Muniyandi Malaisamy, Nagarajan Karikalan, Mathiyazhagan Kavi, Giridharan Prathiksha, Thiruvengadam Kannan, Krishnan Rajendran",Tropical medicine and infectious disease,2024,,False,PENDING,"{""has_doi"": true, ""relevance"": 0.34, ""has_github"": false, ""has_abstract"": true}"
151,40039747,10.1109/EMBC53108.2024.10781894,Time-varying compartmental models with neural networks for pandemic infection forecasting.,"Karapitta Marianna, Kasis Andreas, Stylianides Charithea, Malialis Kleanthis, Kolios Panayiotis",Annual International Conference of the IEEE Engineering in Medicine and Biology Society. IEEE Engineering in Medicine and Biology Society. Annual International Conference,2024,,False,PENDING,"{""has_doi"": true, ""relevance"": 0.32, ""has_github"": false, ""has_abstract"": true}"
152,38862580,10.1038/s41598-024-63795-1,Agent-based modeling to estimate the impact of lockdown scenarios and events on a pandemic exemplified on SARS-CoV-2.,"Nitzsche Christian, Simm Stefan",Scientific reports,2024,,False,PENDING,"{""has_doi"": true, ""relevance"": 0.32, ""has_github"": false, ""has_abstract"": true}"
154,38500147,10.1186/s12916-024-03333-y,Incorporating social vulnerability in infectious disease mathematical modelling: a scoping review.,"Naidoo Megan, Shephard Whitney, Kambewe Innocensia, Mtshali Nokuthula, Cope Sky, Rubio Felipe Alves, Rasella Davide",BMC medicine,2024,,False,PENDING,"{""has_doi"": true, ""relevance"": 0.32, ""has_github"": false, ""has_abstract"": true}"
160,39386115,10.1016/j.ijregi.2024.100442,"Irregular seasonality of respiratory syncytial virus infection persists in 2023 in Osaka, Japan.","Miyama Takeshi, Kakimoto Kensaku, Yamanaka Yasutaka, Nishida Yoko, Iritani Nobuhiro, Motomura Kazushi",IJID regions,2024,,False,PENDING,"{""has_doi"": true, ""relevance"": 0.313, ""has_github"": false, ""has_abstract"": true}"
161,39251965,10.1186/s12879-024-09823-x,A two-variant model of SARS-COV-2 transmission: estimating the characteristics of a newly emerging strain.,"Yamana Teresa K, Rajagopal Swetha, Hall Donald C, Moustafa Ahmed M, Feder Andries, Ahmed Azad, Bianco Colleen, Harris Rebecca et al.",BMC infectious diseases,2024,,False,PENDING,"{""has_doi"": true, ""relevance"": 0.313, ""has_github"": false, ""has_abstract"": true}"
162,39119805,10.1002/sim.10195,A modeling framework for the analysis of the SARS-CoV2 transmission dynamics.,"Chatzilena Anastasia, Demiris Nikolaos, Kalogeropoulos Konstantinos",Statistics in medicine,2024,,False,PENDING,"{""has_doi"": true, ""relevance"": 0.313, ""has_github"": false, ""has_abstract"": true}"
164,38324970,10.1016/j.epidem.2024.100744,Estimating the population effectiveness of interventions against COVID-19 in France: A modelling study.,"Ganser Iris, Buckeridge David L, Heffernan Jane, Prague Mélanie, Thiébaut Rodolphe",Epidemics,2024,,False,PENDING,"{""has_doi"": true, ""relevance"": 0.313, ""has_github"": false, ""has_abstract"": true}"
165,38162709,10.1016/j.jsps.2023.101886,The impact of non-pharmaceutical interventions on the spread of COVID-19 in Saudi Arabia: Simulation approach.,"Alhomaid Ahmad, Alzeer Abdullah H, Alsaawi Fahad, Aljandal Abdulaziz, Al-Jafar Rami, Albalawi Marwan, Alotaibi Dana, Alabdullatif Raghad et al.",Saudi pharmaceutical journal : SPJ : the official publication of the Saudi Pharmaceutical Society,2024,,False,PENDING,"{""has_doi"": true, ""relevance"": 0.313, ""has_github"": false, ""has_abstract"": true}"
176,39374303,10.1371/journal.pcbi.1012498,The optimal spatially-dependent control measures to effectively and economically eliminate emerging infectious diseases.,"Xia Fan, Xiao Yanni, Ma Junling",PLoS computational biology,2024,,False,PENDING,"{""has_doi"": true, ""relevance"": 0.307, ""has_github"": false, ""has_abstract"": true}"
177,39083019,10.1093/imammb/dqae013,Assessing marginal effects of non-pharmaceutical interventions on the transmission of SARS-CoV-2 across Africa: a hybrid modeling study.,"Montcho Yvette, Dako Sidoine, Salako Valère Kolawole, Tovissodé Chénangnon Frédéric, Wolkewitz Martin, Glèlè Kakaï Romain",Mathematical medicine and biology : a journal of the IMA,2024,,False,PENDING,"{""has_doi"": true, ""relevance"": 0.307, ""has_github"": false, ""has_abstract"": true}"
178,38949432,10.1088/1478-3975/ad5d6a,Instabilities and self-organization in spatiotemporal epidemic dynamics driven by nonlinearity and noise.,"Singh Aman Kumar, Ramakrishnan Subramanian, Kumar Manish",Physical biology,2024,,False,PENDING,"{""has_doi"": true, ""relevance"": 0.307, ""has_github"": false, ""has_abstract"": true}"
179,38424526,10.1186/s12889-024-17951-x,Wording the trajectory of the three-year COVID-19 epidemic in a general population - Belgium.,"Vanderpas Jean, Dramaix Michèle, Coppieters Yves",BMC public health,2024,,False,PENDING,"{""has_doi"": true, ""relevance"": 0.307, ""has_github"": false, ""has_abstract"": true}"
180,38318877,10.1080/20477724.2024.2313787,Modeling the health impact of increasing vaccine coverage and nonpharmaceutical interventions against coronavirus disease 2019 in Ghana.,"Ofori Sylvia K, Schwind Jessica S, Sullivan Kelly L, Chowell Gerardo, Cowling Benjamin J, Fung Isaac Chun-Hai",Pathogens and global health,2024,,False,PENDING,"{""has_doi"": true, ""relevance"": 0.307, ""has_github"": false, ""has_abstract"": true}"
190,39664544,10.3389/fpubh.2024.1449305,"Effectiveness of a scenario-based, community-based intervention in containing COVID-19 in China.","Li Binghang, Zhou Yalin, Zhang Ting, Ma Anning, Hao Wenhao",Frontiers in public health,2024,,False,PENDING,"{""has_doi"": true, ""relevance"": 0.3, ""has_github"": false, ""has_abstract"": true}"
191,38218529,10.1016/j.jtbi.2024.111721,Who acquires infection from whom? A sensitivity analysis of transmission dynamics during the early phase of the COVID-19 pandemic in Belgium.,"Angeli Leonardo, Caetano Constantino Pereira, Franco Nicolas, Abrams Steven, Coletti Pietro, Van Nieuwenhuyse Inneke, Pop Sorin, Hens Niel",Journal of theoretical biology,2024,,False,PENDING,"{""has_doi"": true, ""relevance"": 0.3, ""has_github"": false, ""has_abstract"": true}"
183,37276186,10.1371/journal.pmed.1004240,Collateral impacts of pandemic COVID-19 drive the nosocomial spread of antibiotic resistance: A modelling study.,"Smith David R M, Shirreff George, Temime Laura, Opatowski Lulla",PLoS medicine,2023,,False,PENDING,"{""has_doi"": true, ""relevance"": 0.307, ""has_github"": false, ""has_abstract"": true}"
166,37289738,10.1371/journal.pone.0286643,Hybrid prediction of infections and deaths due to COVID-19 in two Colombian data series.,"de la Cruz Mónica Paola, Galvis Diana Milena, Salcedo Gladys Elena",PloS one,2023,,False,PENDING,"{""has_doi"": true, ""relevance"": 0.313, ""has_github"": false, ""has_abstract"": true}"
43,37464258,10.1186/s13040-023-00337-x,Inverse problem for parameters identification in a modified SIRD epidemic model using ensemble neural networks.,"Petrica Marian, Popescu Ionel",BioData mining,2023,,False,PENDING,"{""has_doi"": true, ""relevance"": 0.54, ""has_github"": false, ""has_abstract"": true}"
42,37656743,10.1371/journal.pcbi.1011423,Evaluating the impact of test-trace-isolate for COVID-19 management and alternative strategies.,"Zhang Kun, Xia Zhichu, Huang Shudong, Sun Gui-Quan, Lv Jiancheng, Ajelli Marco, Ejima Keisuke, Liu Quan-Hui",PLoS computational biology,2023,,False,PENDING,"{""has_doi"": true, ""relevance"": 0.54, ""has_github"": false, ""has_abstract"": true}"
89,37112635,10.3390/vaccines11040722,Mathematical Modeling Evaluates How Vaccinations Affected the Course of COVID-19 Disease Progression.,"Tzamali Eleftheria, Sakkalis Vangelis, Tzedakis Georgios, Spanakis Emmanouil G, Tzanakis Nikos",Vaccines,2023,,False,PENDING,"{""has_doi"": true, ""relevance"": 0.44, ""has_github"": false, ""has_abstract"": true}"
33,36994146,10.1016/j.matcom.2023.03.016,A nonlinear mathematical model on the Covid-19 transmission pattern among diabetic and non-diabetic population.,"Anand Monalisa, Danumjaya P, Rao P Raja Sekhara",Mathematics and computers in simulation,2023,,False,PENDING,"{""has_doi"": true, ""relevance"": 0.573, ""has_github"": false, ""has_abstract"": true}"
125,37706095,10.1016/j.idm.2023.08.004,COVID-19 transmission driven by age-group mathematical model in Shijiazhuang City of China.,"Wei Fengying, Zhou Ruiyang, Jin Zhen, Huang Senzhong, Peng Zhihang, Wang Jinjie, Xu Ximing, Zhang Xinyan et al.",Infectious Disease Modelling,2023,,False,PENDING,"{""has_doi"": true, ""relevance"": 0.38, ""has_github"": false, ""has_abstract"": true}"
126,37538741,10.1098/rsos.230858,"An algebraic formula, deep learning and a novel SEIR-type model for the COVID-19 pandemic.","Fokas A S, Dikaios N, Yortsos Y C",Royal Society open science,2023,,False,PENDING,"{""has_doi"": true, ""relevance"": 0.38, ""has_github"": false, ""has_abstract"": true}"
127,37499271,10.1016/j.ijfoodmicro.2023.110321,An agent-based model to simulate SARS-CoV-2 contamination of surfaces and meat cuts in processing plants.,"Luong Ngoc-Du Martin, Guillier Laurent, Federighi Michel, Guillois Yvonnick, Kooh Pauline, Maillard Anne-Laure, Pivette Mathilde, Boué Géraldine et al.",International journal of food microbiology,2023,,False,PENDING,"{""has_doi"": true, ""relevance"": 0.38, ""has_github"": false, ""has_abstract"": true}"
128,37161097,10.3934/mbe.2023261,Dynamic behavior analysis of an SVIR epidemic model with two time delays associated with the COVID-19 booster vaccination time.,"Lv Zimeng, Liu Xinyu, Ding Yuting",Mathematical biosciences and engineering : MBE,2023,,False,PENDING,"{""has_doi"": true, ""relevance"": 0.38, ""has_github"": false, ""has_abstract"": true}"
68,37932281,10.1038/s41598-023-45788-8,Rotation-based schedules in elementary schools to prevent COVID-19 spread: a simulation study.,"Brom Cyril, Diviák Tomáš, Drbohlav Jakub, Korbel Václav, Levínský René, Neruda Roman, Kadlecová Gabriela, Šlerka Josef et al.",Scientific reports,2023,,False,PENDING,"{""has_doi"": true, ""relevance"": 0.467, ""has_github"": false, ""has_abstract"": true}"
65,36952500,10.1371/journal.pone.0283517,Fitting and validation of an agent-based model for COVID-19 case forecasting in workplaces and universities.,"Kumaresan Vignesh, Balachandar Niranjan, Poole Sarah F, Myers Lance J, Varghese Paul, Washington Vindell, Jia Yugang, Lee Vivian S",PloS one,2023,,False,PENDING,"{""has_doi"": true, ""relevance"": 0.48, ""has_github"": false, ""has_abstract"": true}"
60,37200400,10.1371/journal.pone.0285937,"The effectiveness of control measures during the 2022 COVID-19 outbreak in Shanghai, China.","Hu Liangjian, Shi Meisong, Li Meili, Ma Junling",PloS one,2023,,False,PENDING,"{""has_doi"": true, ""relevance"": 0.5, ""has_github"": false, ""has_abstract"": true}"
59,37315097,10.1371/journal.pone.0287196,Analytical solution of l-i SEIR model-Comparison of l-i SEIR model with conventional SEIR model in simulation of epidemic curves.,Liu Xiaoping,PloS one,2023,,False,PENDING,"{""has_doi"": true, ""relevance"": 0.5, ""has_github"": false, ""has_abstract"": true}"
29,37365205,10.1038/s41598-023-37240-8,"Modelling COVID-19 pandemic control strategies in metropolitan and rural health districts in New South Wales, Australia.","Rahman Azizur, Kuddus Md Abdul, Ip Ryan H L, Bewong Michael",Scientific reports,2023,,False,PENDING,"{""has_doi"": true, ""relevance"": 0.6, ""has_github"": false, ""has_abstract"": true}"
24,37337551,10.1016/j.bspc.2023.105123,Finite-time stability analysis and control of stochastic SIR epidemic model: A study of COVID-19.,"Gunasekaran Nallappan, Vadivel R, Zhai Guisheng, Vinoth S",Biomedical signal processing and control,2023,,False,PENDING,"{""has_doi"": true, ""relevance"": 0.627, ""has_github"": false, ""has_abstract"": true}"
135,37521963,10.3389/fpubh.2023.1202996,The impact of multiple non-pharmaceutical interventions for China-bound travel on domestic COVID-19 outbreaks.,"Yang Lichao, Hu Mengzhi, Zeng Huatang, Liang Wannian, Zhu Jiming",Frontiers in public health,2023,,False,PENDING,"{""has_doi"": true, ""relevance"": 0.373, ""has_github"": false, ""has_abstract"": true}"
136,37112670,10.3390/vaccines11040758,Dynamics of a Fractional-Order Delayed Model of COVID-19 with Vaccination Efficacy.,"Rihan Fathalla A, Kandasamy Udhayakumar, Alsakaji Hebatallah J, Sottocornola Nicola",Vaccines,2023,,False,PENDING,"{""has_doi"": true, ""relevance"": 0.373, ""has_github"": false, ""has_abstract"": true}"
74,37748486,10.1063/5.0164226,Implementation of a triangular probabilistic distribution for optimal parametrization of the SEIR model recovery rates with delay.,"Aybar Orhan Ozgur, Senturk Mustafa","Chaos (Woodbury, N.Y.)",2023,,False,PENDING,"{""has_doi"": true, ""relevance"": 0.447, ""has_github"": false, ""has_abstract"": true}"
44,37696183,10.1016/j.compbiomed.2023.107431,Transmission dynamics informed neural network with application to COVID-19 infections.,"He Mengqi, Tang Biao, Xiao Yanni, Tang Sanyi",Computers in biology and medicine,2023,,False,PENDING,"{""has_doi"": true, ""relevance"": 0.527, ""has_github"": false, ""has_abstract"": true}"
184,37089455,10.1016/j.spasta.2023.100729,Analyzing COVID-19 data in the Canadian province of Manitoba: A new approach.,"Amiri Leila, Torabi Mahmoud, Deardon Rob",Spatial statistics,2023,,False,PENDING,"{""has_doi"": true, ""relevance"": 0.307, ""has_github"": false, ""has_abstract"": true}"
56,37112769,10.3390/vaccines11040857,Assessing the Impact of Vaccination on the Dynamics of COVID-19 in Africa: A Mathematical Modeling Study.,"Montcho Yvette, Nalwanga Robinah, Azokpota Paustella, Doumatè Jonas Têlé, Lokonon Bruno Enagnon, Salako Valère Kolawole, Wolkewitz Martin, Glèlè Kakaï Romain",Vaccines,2023,,False,PENDING,"{""has_doi"": true, ""relevance"": 0.507, ""has_github"": false, ""has_abstract"": true}"
13,37624336,10.3390/tropicalmed8080398,Mathematical Modeling of SARS-CoV-2 Transmission between Minks and Humans Considering New Variants and Mink Culling.,"Ibrahim Mahmoud A, Dénes Attila",Tropical medicine and infectious disease,2023,,False,PENDING,"{""has_doi"": true, ""relevance"": 0.693, ""has_github"": false, ""has_abstract"": true}"
140,38087460,10.1002/jmv.29301,Dynamically adjustable SVEIR(MH) model of multiwave epidemics: Estimating the effects of public health measures against COVID-19.,"Yin Zuo-Jing, Xiao Han, McDonald Stuart, Brusic Vladimir, Qiu Tian-Yi",Journal of medical virology,2023,,False,PENDING,"{""has_doi"": true, ""relevance"": 0.367, ""has_github"": false, ""has_abstract"": true}"
142,37662617,10.1093/biomethods/bpad010,The spread of infectious diseases from a physics perspective.,Brabers J H V J,Biology methods & protocols,2023,,False,PENDING,"{""has_doi"": true, ""relevance"": 0.36, ""has_github"": false, ""has_abstract"": true}"
11,37361719,10.1016/j.health.2023.100210,A fractional-order mathematical model for malaria and COVID-19 co-infection dynamics.,"Abioye Adesoye Idowu, Peter Olumuyiwa James, Ogunseye Hammed Abiodun, Oguntolu Festus Abiodun, Ayoola Tawakalt Abosede, Oladapo Asimiyu Olalekan","Healthcare analytics (New York, N.Y.)",2023,,False,PENDING,"{""has_doi"": true, ""relevance"": 0.733, ""has_github"": false, ""has_abstract"": true}"
55,37501470,10.3934/mbe.2023574,An epidemic model with time delays determined by the infectivity and disease durations.,"Saade Masoud, Ghosh Samiran, Banerjee Malay, Volpert Vitaly",Mathematical biosciences and engineering : MBE,2023,,False,PENDING,"{""has_doi"": true, ""relevance"": 0.507, ""has_github"": false, ""has_abstract"": true}"
54,37603570,10.1371/journal.pone.0285624,An updated estimation approach for SEIR models with stochastic perturbations: Application to COVID-19 data in Bogotá.,"Ríos-Gutiérrez Andrés, Torres Soledad, Arunachalam Viswanathan",PloS one,2023,,False,PENDING,"{""has_doi"": true, ""relevance"": 0.507, ""has_github"": false, ""has_abstract"": true}"
10,37363551,10.1097/MS9.0000000000000627,An extended SEIRDV compartmental model: case studies of the spread of COVID-19 and vaccination in Tunisia and South Africa.,"Tamasiga Phemelo, Onyeaka Helen, Umenweke Great C, Uwishema Olivier",Annals of medicine and surgery (2012),2023,,False,PENDING,"{""has_doi"": true, ""relevance"": 0.733, ""has_github"": false, ""has_abstract"": true}"
185,37081069,10.1038/s41598-023-33499-z,Estimation and sensitivity analysis of a COVID-19 model considering the use of face mask and vaccination.,"Bai Zhongtian, Ma Zhihui, Jing Libaihe, Li Yonghong, Wang Shufan, Wang Bin-Guo, Wu Yan, Han Xiaotao",Scientific reports,2023,,False,PENDING,"{""has_doi"": true, ""relevance"": 0.307, ""has_github"": false, ""has_abstract"": true}"
148,37322934,10.3934/mbe.2023452,"Data suggested hospitalization as critical indicator of the severity of the COVID-19 pandemic, even at its early stages.","Fuderer Stefanie, Kuttler Christina, Hoelscher Michael, Hinske Ludwig Christian, Castelletti Noemi",Mathematical biosciences and engineering : MBE,2023,,False,PENDING,"{""has_doi"": true, ""relevance"": 0.34, ""has_github"": false, ""has_abstract"": true}"
47,37509915,10.3390/e25070968,"Inference on a Multi-Patch Epidemic Model with Partial Mobility, Residency, and Demography: Case of the 2020 COVID-19 Outbreak in Hermosillo, Mexico.","Akuno Albert Orwa, Ramírez-Ramírez L Leticia, Espinoza Jesús F","Entropy (Basel, Switzerland)",2023,,False,PENDING,"{""has_doi"": true, ""relevance"": 0.513, ""has_github"": false, ""has_abstract"": true}"
46,37853028,10.1038/s41598-023-44825-w,Analysis of a non-integer order mathematical model for double strains of dengue and COVID-19 co-circulation using an efficient finite-difference method.,"Obiajulu Emeka F, Omame Andrew, Inyama Simeon C, Diala Uchenna H, AlQahtani Salman A, Al-Rakhami Mabrook S, Alawwad Abdulaziz M, Alotaibi Abdullilah A",Scientific reports,2023,,False,PENDING,"{""has_doi"": true, ""relevance"": 0.513, ""has_github"": false, ""has_abstract"": true}"
186,36996662,10.1016/j.compbiomed.2023.106693,Epi-DNNs: Epidemiological priors informed deep neural networks for modeling COVID-19 dynamics.,"Ning Xiao, Jia Linlin, Wei Yongyue, Li Xi-An, Chen Feng",Computers in biology and medicine,2023,,False,PENDING,"{""has_doi"": true, ""relevance"": 0.307, ""has_github"": false, ""has_abstract"": true}"
9,37431147,10.1111/biom.13901,Explaining transmission rate variations and forecasting epidemic spread in multiple regions with a semiparametric mixed effects SIR model.,"Buch David A, Johndrow James E, Dunson David B",Biometrics,2023,,False,PENDING,"{""has_doi"": true, ""relevance"": 0.733, ""has_github"": false, ""has_abstract"": true}"
153,38620200,10.1016/j.amc.2023.128210,Stability analysis and optimal control of a fractional-order generalized SEIR model for the COVID-19 pandemic.,"Xu Conghui, Yu Yongguang, Ren Guojian, Sun Yuqin, Si Xinhui",Applied mathematics and computation,2023,,False,PENDING,"{""has_doi"": true, ""relevance"": 0.32, ""has_github"": false, ""has_abstract"": true}"
7,37025428,10.1007/s11071-023-08327-8,Uncertainty quantification in mechanistic epidemic models via cross-entropy approximate Bayesian computation.,"Cunha Americo, Barton David A W, Ritto Thiago G",Nonlinear dynamics,2023,,False,PENDING,"{""has_doi"": true, ""relevance"": 0.74, ""has_github"": false, ""has_abstract"": true}"
155,37361701,10.1007/s40808-023-01756-9,SDIQR mathematical modelling for COVID-19 of Odisha associated with influx of migrants based on Laplace Adomian decomposition technique.,"Sahu Itishree, Jena Saumya Ranjan",Modeling earth systems and environment,2023,,False,PENDING,"{""has_doi"": true, ""relevance"": 0.32, ""has_github"": false, ""has_abstract"": true}"
156,37153140,10.1016/j.rinp.2023.106467,Predictive dynamical modeling and stability of the equilibria in a discrete fractional difference COVID-19 epidemic model.,"Chu Yu-Ming, Rashid Saima, Akdemir Ahmet Ocak, Khalid Aasma, Baleanu Dumitru, Al-Sinan Bushra R, Elzibar O A I",Results in physics,2023,,False,PENDING,"{""has_doi"": true, ""relevance"": 0.32, ""has_github"": false, ""has_abstract"": true}"
157,37033412,10.1016/j.imu.2023.101235,Mathematical modelling and analysis of COVID-19 and tuberculosis transmission dynamics.,"Singh Ram, Rehman Attiq Ul, Ahmed Tanveer, Ahmad Khalil, Mahajan Shubham, Pandit Amit Kant, Abualigah Laith, Gandomi Amir H",Informatics in medicine unlocked,2023,,False,PENDING,"{""has_doi"": true, ""relevance"": 0.32, ""has_github"": false, ""has_abstract"": true}"
158,36992172,10.3390/vaccines11030589,Booster Dose Vaccination and Dynamics of COVID-19 Pandemic in the Fifth Wave: An Efficient and Simple Mathematical Model for Disease Progression.,"Theparod Thitiya, Kreabkhontho Pannathon, Teparos Watchara",Vaccines,2023,,False,PENDING,"{""has_doi"": true, ""relevance"": 0.317, ""has_github"": false, ""has_abstract"": true}"
45,37939454,10.1016/j.jiph.2023.09.009,Monitoring COVID-19 pandemic in Saudi Arabia using SEIRD model parameters with MEWMA.,"Alamri Faten S, Boone Edward L, Ghanam Ryad, Alswaidi Fahad",Journal of infection and public health,2023,,False,PENDING,"{""has_doi"": true, ""relevance"": 0.52, ""has_github"": false, ""has_abstract"": true}"
3,37310972,10.1371/journal.pone.0286558,Spatial heterogeneity and infection patterns on epidemic transmission disclosed by a combined contact-dependent dynamics and compartmental model.,"Zhu Youyuan, Shen Ruizhe, Dong Hao, Wang Wei",PloS one,2023,,False,PENDING,"{""has_doi"": true, ""relevance"": 0.8, ""has_github"": false, ""has_abstract"": true}"
181,37811291,10.1155/2023/6908757,Analysis of HBV and COVID-19 Coinfection Model with Intervention Strategies.,Teklu Shewafera Wondimagegnhu,Computational and mathematical methods in medicine,2023,,False,PENDING,"{""has_doi"": true, ""relevance"": 0.307, ""has_github"": false, ""has_abstract"": true}"
88,37496829,10.1016/j.idm.2023.07.002,Mathematical modeling for Delta and Omicron variant of SARS-CoV-2 transmission dynamics in Greece.,"Liossi Sofia, Tsiambas E, Maipas S, Papageorgiou E, Lazaris A, Kavantzas N",Infectious Disease Modelling,2023,,False,PENDING,"{""has_doi"": true, ""relevance"": 0.44, ""has_github"": false, ""has_abstract"": true}"
90,37939201,10.1371/journal.pcbi.1011610,A data-driven semi-parametric model of SARS-CoV-2 transmission in the United States.,"Drake John M, Handel Andreas, Marty Éric, O'Dea Eamon B, O'Sullivan Tierney, Righi Giovanni, Tredennick Andrew T",PLoS computational biology,2023,,False,PENDING,"{""has_doi"": true, ""relevance"": 0.433, ""has_github"": false, ""has_abstract"": true}"
91,37736525,10.1098/rsos.230316,Estimation of epidemiological parameters and ascertainment rate from early transmission of COVID-19 across Africa.,"Han Qing, Bragazzi Nicola, Asgary Ali, Orbinski James, Wu Jianhong, Kong Jude Dzevela",Royal Society open science,2023,,False,PENDING,"{""has_doi"": true, ""relevance"": 0.433, ""has_github"": false, ""has_abstract"": true}"
92,37322985,10.3934/mbe.2023503,Age-dependent final size equation to anticipate mortality impact of COVID-19 in China.,"Amemiya Yuri, Li Tianwen, Nishiura Hiroshi",Mathematical biosciences and engineering : MBE,2023,,False,PENDING,"{""has_doi"": true, ""relevance"": 0.433, ""has_github"": false, ""has_abstract"": true}"
93,36989749,10.1016/j.compbiomed.2023.106817,Global analysis and prediction scenario of infectious outbreaks by recurrent dynamic model and machine learning models: A case study on COVID-19.,"Rakhshan Seyed Ali, Nejad Mahdi Soltani, Zaj Marzie, Ghane Fatemeh Helen",Computers in biology and medicine,2023,,False,PENDING,"{""has_doi"": true, ""relevance"": 0.433, ""has_github"": false, ""has_abstract"": true}"
87,37632091,10.3390/v15081749,Physics-Informed Neural Networks Integrating Compartmental Model for Analyzing COVID-19 Transmission Dynamics.,"Ning Xiao, Guan Jinxing, Li Xi-An, Wei Yongyue, Chen Feng",Viruses,2023,,False,PENDING,"{""has_doi"": true, ""relevance"": 0.44, ""has_github"": false, ""has_abstract"": true}"
86,37693704,10.3389/fpubh.2023.1223039,Analysis and prediction of improved SEIR transmission dynamics model: taking the second outbreak of COVID-19 in Italy as an example.,"Lu Ming, Zheng Xu-Yang, Jia Wei-Nan, Tian Chun-Zhi",Frontiers in public health,2023,,False,PENDING,"{""has_doi"": true, ""relevance"": 0.44, ""has_github"": false, ""has_abstract"": true}"
182,37415698,10.3389/fpubh.2023.1175869,"Epidemiological characteristics and transmission dynamics of the COVID-19 outbreak in Hohhot, China: a time-varying SQEIAHR model analysis.","Ma Yifei, Xu Shujun, Luo Yuxin, Qin Yao, Li Jiantao, Lei Lijian, He Lu, Wang Tong et al.",Frontiers in public health,2023,,False,PENDING,"{""has_doi"": true, ""relevance"": 0.307, ""has_github"": false, ""has_abstract"": true}"
85,37920035,10.3934/mbe.2023749,Neural-SEIR: A flexible data-driven framework for precise prediction of epidemic disease.,"Wang Haoyu, Qiu Xihe, Yang Jinghan, Li Qiong, Tan Xiaoyu, Huang Jingjing",Mathematical biosciences and engineering : MBE,2023,,False,PENDING,"{""has_doi"": true, ""relevance"": 0.44, ""has_github"": false, ""has_abstract"": true}"
80,37008754,10.1140/epjp/s13360-023-03866-w,A mathematical model for transmission dynamics of COVID-19 infection.,Awasthi Arti,European physical journal plus,2023,,False,PENDING,"{""has_doi"": true, ""relevance"": 0.447, ""has_github"": false, ""has_abstract"": true}"
99,37583482,10.1016/j.ijregi.2023.06.004,"Evaluating the strategies to control SARS-CoV-2 Delta variant spread in New Caledonia, a zero-COVID country until September 2021.","Ochida Noé, Dupont-Rouzeyrol Myrielle, Moury Pierre-Henri, Demaneuf Thibaut, Gourinat Ann-Clair, Mabon Sébastien, Jouan Marc, Cauchemez Simon et al.",IJID regions,2023,,False,PENDING,"{""has_doi"": true, ""relevance"": 0.413, ""has_github"": false, ""has_abstract"": true}"
100,37460537,10.1038/s41467-023-39661-5,Epidemiological drivers of transmissibility and severity of SARS-CoV-2 in England.,"Perez-Guzman Pablo N, Knock Edward, Imai Natsuko, Rawson Thomas, Santoni Cosmo Nazzareno, Alcada Joana, Whittles Lilith K, Thekke Kanapram Divya et al.",Nature communications,2023,,False,PENDING,"{""has_doi"": true, ""relevance"": 0.413, ""has_github"": false, ""has_abstract"": true}"
78,37033691,10.1016/j.eswa.2023.120034,Analysis of the COVID-19 pandemic using a compartmental model with time-varying parameters fitted by a genetic algorithm.,"Zelenkov Yuri, Reshettsov Ivan",Expert systems with applications,2023,,False,PENDING,"{""has_doi"": true, ""relevance"": 0.447, ""has_github"": false, ""has_abstract"": true}"
103,37994774,10.7417/CT.2023.2497,The application of next generation matrix in the calculation of basic reproduction number for COVID-19.,"Kalluci E, Noka E, Gordani O, Merkaj X, Macchia A, Marceddu G, Bertelli M, Bani K",La Clinica terapeutica,2023,,False,PENDING,"{""has_doi"": true, ""relevance"": 0.407, ""has_github"": false, ""has_abstract"": true}"
104,37693183,,Semiparametric inference of effective reproduction number dynamics from wastewater pathogen surveillance data.,"Goldstein Isaac H, Parker Daniel M, Jiang Sunny, Minin Volodymyr M",ArXiv,2023,,False,PENDING,"{""has_doi"": false, ""relevance"": 0.407, ""has_github"": false, ""has_abstract"": true}"
105,37640233,10.1016/j.jtbi.2023.111611,Modeling the XBB strain of SARS-CoV-2: Competition between variants and impact of reinfection.,"Cheng Ziqiang, Lai Yinglei, Jin Kui, Zhang Mengping, Wang Jin",Journal of theoretical biology,2023,,False,PENDING,"{""has_doi"": true, ""relevance"": 0.407, ""has_github"": false, ""has_abstract"": true}"
106,37342996,10.1371/journal.pgph.0001490,"Quantification of early nonpharmaceutical interventions aimed at slowing transmission of Coronavirus Disease 2019 in the Navajo Nation and surrounding states (Arizona, Colorado, New Mexico, and Utah).","Miller Ely F, Neumann Jacob, Chen Ye, Mallela Abhishek, Lin Yen Ting, Hlavacek William S, Posner Richard G",PLOS global public health,2023,,False,PENDING,"{""has_doi"": true, ""relevance"": 0.407, ""has_github"": false, ""has_abstract"": true}"
107,37295226,10.1016/j.watres.2023.120098,"Wastewater-based modeling, reconstruction, and prediction for COVID-19 outbreaks in Hungary caused by highly immune evasive variants.","Polcz Péter, Tornai Kálmán, Juhász János, Cserey György, Surján György, Pándics Tamás, Róka Eszter, Vargha Márta et al.",Water research,2023,,False,PENDING,"{""has_doi"": true, ""relevance"": 0.407, ""has_github"": false, ""has_abstract"": true}"
108,37027359,10.1371/journal.pone.0283068,"Transmission dynamics and baseline epidemiological parameter estimates of Coronavirus disease 2019 pre-vaccination: Davao City, Philippines.","Añonuevo Loreniel E, Lachica Zython Paul T, Amistas Deza A, Lato Jayve Iay E, Bontilao Hanna Lyka C, Catalan Jolly Mae G, Pasion Rachel Joy F, Yumang Annabelle P et al.",PloS one,2023,,False,PENDING,"{""has_doi"": true, ""relevance"": 0.407, ""has_github"": false, ""has_abstract"": true}"
109,36989916,10.1016/j.epidem.2023.100677,On the contact tracing for COVID-19: A simulation study.,"Berec Luděk, Diviák Tomáš, Kuběna Aleš, Levínský René, Neruda Roman, Suchopárová Gabriela, Šlerka Josef, Šmíd Martin et al.",Epidemics,2023,,False,PENDING,"{""has_doi"": true, ""relevance"": 0.407, ""has_github"": false, ""has_abstract"": true}"
77,37217378,10.1016/j.isatra.2023.05.008,SIRSi-vaccine dynamical model for the Covid-19 pandemic.,"Batistela Cristiane M, Correa Diego P F, Bueno Átila M, Piqueira José Roberto Castilho",ISA transactions,2023,,False,PENDING,"{""has_doi"": true, ""relevance"": 0.447, ""has_github"": false, ""has_abstract"": true}"
111,37766195,10.3390/v15091788,Mathematical Modelling of Virus Spreading in COVID-19.,"Luo Liaofu, Lv Jun",Viruses,2023,,False,PENDING,"{""has_doi"": true, ""relevance"": 0.387, ""has_github"": false, ""has_abstract"": true}"
112,37546304,10.3389/fpubh.2023.1166528,The effect of shortening the quarantine period and lifting the indoor mask mandate on the spread of COVID-19: a mathematical modeling approach.,"Kim Jung Eun, Choi Heejin, Lee Minji, Lee Chang Hyeong",Frontiers in public health,2023,,False,PENDING,"{""has_doi"": true, ""relevance"": 0.387, ""has_github"": false, ""has_abstract"": true}"
113,37197369,10.1016/j.health.2023.100193,A non-linear mathematical model for analysing the impact of COVID-19 disease on higher education in developing countries.,"Abidemi A, Akanni J O, Makinde O D","Healthcare analytics (New York, N.Y.)",2023,,False,PENDING,"{""has_doi"": true, ""relevance"": 0.387, ""has_github"": false, ""has_abstract"": true}"
76,37596296,10.1038/s41598-023-40008-9,Delay-differential SEIR modeling for improved modelling of infection dynamics.,"Kiselev I N, Akberdin I R, Kolpakov F A",Scientific reports,2023,,False,PENDING,"{""has_doi"": true, ""relevance"": 0.447, ""has_github"": false, ""has_abstract"": true}"
75,37625364,10.1016/j.compbiolchem.2023.107941,A deep-SIQRV epidemic model for COVID-19 to access the impact of prevention and control measures.,"Gupta Aakansha, Katarya Rahul",Computational biology and chemistry,2023,,False,PENDING,"{""has_doi"": true, ""relevance"": 0.447, ""has_github"": false, ""has_abstract"": true}"
57,36962316,10.1371/journal.pgph.0000186,Development and application of a dynamic transmission model of health systems' preparedness and response to COVID-19 in twenty-six Latin American and Caribbean countries.,"Santoro Adrián, López Osornio Alejandro, Williams Ivan, Wachs Martín, Cejas Cintia, Havela Maisa, Bardach Ariel, López Analía et al.",PLOS global public health,2022,,False,PENDING,"{""has_doi"": true, ""relevance"": 0.507, ""has_github"": false, ""has_abstract"": true}"
101,36962179,10.1371/journal.pgph.0000308,Modeling robust COVID-19 intensive care unit occupancy thresholds for imposing mitigation to prevent exceeding capacities.,"Runge Manuela, Richardson Reese A K, Clay Patrick A, Bell Arielle, Holden Tobias M, Singam Manisha, Tsuboyama Natsumi, Arevalo Philip et al.",PLOS global public health,2022,,False,PENDING,"{""has_doi"": true, ""relevance"": 0.413, ""has_github"": false, ""has_abstract"": true}"
141,36962205,10.1371/journal.pgph.0000237,Effect of non-pharmaceutical interventions in the early phase of the COVID-19 epidemic in Saudi Arabia.,"Perez-Saez Javier, Lee Elizabeth C, Wada Nikolas I, Alqunaibet Ada Mohammed, Almudarra Sami Saeed, Alsukait Reem F, Dong Di, Zhang Yi et al.",PLOS global public health,2022,,False,PENDING,"{""has_doi"": true, ""relevance"": 0.367, ""has_github"": false, ""has_abstract"": true}"
